{"pkndelta_simu": [0.59, 0.504, 0.452, 0.429, 0.406, 0.395, 0.385, 0.377, 0.37, 0.365, 0.361, 0.358, 0.355, 0.353, 0.35, 0.348, 0.3464, 0.3457, 0.3439, 0.342, 0.341], "tau_kndelta_simu": [543226.34, 481529.91, 439355.02, 422168.51, 408202.78, 405761.43, 391214.03, 392616.51, 386506.12, 385633.88, 384712.66, 388600.75, 396060.93, 396466.8, 397323.47, 394216.03, 400485.16, 398709.43, 403578.79, 402104.57, 403572.16], "tau_kndelta_ergodic": [545326.4109179984, 486408.2031316889, 450646.8288174303, 442698.7379695632, 427849.48716536444, 426192.9317117565, 425452.12210639036, 423632.5232888259, 416591.7053995728, 417237.89223642973, 416453.853195056, 421075.0678530648, 422695.77388121106, 427022.04675466684, 422569.87421294994, 419547.058771181, 428555.25624314125, 439569.49472995225, 433024.28144288313, 424865.6484465769, 434485.4884398942]}