{"n": [100, 101, 102, 103, 104, 105, 106, 107, 108, 109, 110, 111, 112, 113, 114, 115, 116, 117, 118, 119, 120, 121, 122, 123, 124, 125, 126, 127, 128, 129, 130, 131, 132, 133, 134, 135, 136, 137, 138, 139, 140, 141, 142, 143, 144, 145, 146, 147, 148, 149, 150, 151, 152, 153, 154, 155, 156, 157, 158, 159, 160, 161, 162, 163, 164, 165, 166, 167, 168, 169, 170, 171, 172, 173, 174, 175, 176, 177, 178, 179, 180, 181, 182, 183, 184, 185, 186, 187, 188, 189, 190, 191, 192, 193, 194, 195, 196, 197, 198, 199, 200], "minp_expr": [0.99998, 0.99989, 0.99978, 0.99965, 0.99951, 0.99936, 0.99922, 0.99907, 0.99892, 0.99877, 0.99861, 0.99846, 0.99831, 0.99815, 0.998, 0.99785, 0.9977, 0.99755, 0.99739, 0.99724, 0.99709, 0.99694, 0.9968, 0.99665, 0.9965, 0.99635, 0.99621, 0.99606, 0.99592, 0.99578, 0.99563, 0.99549, 0.99535, 0.99521, 0.99507, 0.99493, 0.99479, 0.99466, 0.99452, 0.99439, 0.99425, 0.99412, 0.99398, 0.99385, 0.99372, 0.99359, 0.99346, 0.99333, 0.9932, 0.99307, 0.99295, 0.99282, 0.9927, 0.99257, 0.99245, 0.99232, 0.9922, 0.99208, 0.99196, 0.99184, 0.99172, 0.9916, 0.99148, 0.99136, 0.99124, 0.99113, 0.99101, 0.9909, 0.99078, 0.99067, 0.99055, 0.99044, 0.99033, 0.99022, 0.9901, 0.98999, 0.98988, 0.98977, 0.98967, 0.98956, 0.98945, 0.98934, 0.98924, 0.98913, 0.98902, 0.98892, 0.98882, 0.98871, 0.98861, 0.98851, 0.9884, 0.9883, 0.9882, 0.9881, 0.988, 0.9879, 0.9878, 0.9877, 0.9876, 0.9875, 0.98741], "trans_expr": [2.2496e+17, 2.2621e+17, 2.2722e+17, 2.2799e+17, 2.2863e+17, 2.2914e+17, 2.2974e+17, 2.302e+17, 2.3065e+17, 2.3108e+17, 2.3138e+17, 2.3177e+17, 2.3214e+17, 2.3238e+17, 2.3272e+17, 2.3304e+17, 2.3334e+17, 2.3362e+17, 2.3378e+17, 2.3403e+17, 2.3426e+17, 2.3448e+17, 2.3479e+17, 2.3498e+17, 2.3515e+17, 2.353e+17, 2.3556e+17, 2.3568e+17, 2.3591e+17, 2.3612e+17, 2.362e+17, 2.3638e+17, 2.3655e+17, 2.3671e+17, 2.3685e+17, 2.3698e+17, 2.3709e+17, 2.3731e+17, 2.374e+17, 2.376e+17, 2.3766e+17, 2.3783e+17, 2.3787e+17, 2.3801e+17, 2.3815e+17, 2.3827e+17, 2.3838e+17, 2.3848e+17, 2.3857e+17, 2.3864e+17, 2.3883e+17, 2.3888e+17, 2.3905e+17, 2.3908e+17, 2.3922e+17, 2.3923e+17, 2.3936e+17, 2.3947e+17, 2.3957e+17, 2.3966e+17, 2.3974e+17, 2.3981e+17, 2.3988e+17, 2.3993e+17, 2.3998e+17, 2.4013e+17, 2.4016e+17, 2.4029e+17, 2.403e+17, 2.4042e+17, 2.4042e+17, 2.4052e+17, 2.4061e+17, 2.407e+17, 2.4066e+17, 2.4073e+17, 2.4079e+17, 2.4084e+17, 2.4101e+17, 2.4104e+17, 2.4107e+17, 2.411e+17, 2.4123e+17, 2.4124e+17, 2.4124e+17, 2.4135e+17, 2.4146e+17, 2.4144e+17, 2.4153e+17, 2.4161e+17, 2.4157e+17, 2.4164e+17, 2.4171e+17, 2.4177e+17, 2.4182e+17, 2.4186e+17, 2.419e+17, 2.4193e+17, 2.4196e+17, 2.4198e+17, 2.4211e+17], "upper_tight": [0.99998, 0.99996, 0.99986, 0.99974, 0.99961, 0.99947, 0.99932, 0.99917, 0.99902, 0.99887, 0.99872, 0.99857, 0.99842, 0.99826, 0.99811, 0.99796, 0.99781, 0.99766, 0.9975, 0.99735, 0.9972, 0.99705, 0.99691, 0.99676, 0.99661, 0.99646, 0.99632, 0.99617, 0.99603, 0.99589, 0.99574, 0.9956, 0.99546, 0.99532, 0.99518, 0.99504, 0.9949, 0.99477, 0.99463, 0.99449, 0.99436, 0.99422, 0.99409, 0.99396, 0.99383, 0.9937, 0.99357, 0.99344, 0.99331, 0.99318, 0.99305, 0.99293, 0.9928, 0.99267, 0.99255, 0.99243, 0.9923, 0.99218, 0.99206, 0.99194, 0.99182, 0.9917, 0.99158, 0.99146, 0.99135, 0.99123, 0.99111, 0.991, 0.99088, 0.99077, 0.99065, 0.99054, 0.99043, 0.99032, 0.9902, 0.99009, 0.98998, 0.98987, 0.98976, 0.98966, 0.98955, 0.98944, 0.98933, 0.98923, 0.98912, 0.98902, 0.98891, 0.98881, 0.98871, 0.9886, 0.9885, 0.9884, 0.9883, 0.9882, 0.98809, 0.98799, 0.9879, 0.9878, 0.9877, 0.9876, 0.9875], "tau_upper_tight": [2.2496e+17, 2.2699e+17, 2.2811e+17, 2.29e+17, 2.2975e+17, 2.3038e+17, 2.3087e+17, 2.3134e+17, 2.3179e+17, 2.3222e+17, 2.3263e+17, 2.3302e+17, 2.334e+17, 2.3364e+17, 2.3398e+17, 2.343e+17, 2.346e+17, 2.3489e+17, 2.3504e+17, 2.3529e+17, 2.3553e+17, 2.3575e+17, 2.3607e+17, 2.3625e+17, 2.3642e+17, 2.3658e+17, 2.3684e+17, 2.3696e+17, 2.3719e+17, 2.374e+17, 2.3748e+17, 2.3767e+17, 2.3784e+17, 2.3799e+17, 2.3814e+17, 2.3827e+17, 2.3838e+17, 2.386e+17, 2.3869e+17, 2.3877e+17, 2.3895e+17, 2.39e+17, 2.3916e+17, 2.3931e+17, 2.3944e+17, 2.3957e+17, 2.3968e+17, 2.3978e+17, 2.3986e+17, 2.3994e+17, 2.4001e+17, 2.4018e+17, 2.4023e+17, 2.4026e+17, 2.404e+17, 2.4054e+17, 2.4054e+17, 2.4065e+17, 2.4075e+17, 2.4085e+17, 2.4093e+17, 2.41e+17, 2.4107e+17, 2.4112e+17, 2.4128e+17, 2.4132e+17, 2.4135e+17, 2.4149e+17, 2.4149e+17, 2.4161e+17, 2.4161e+17, 2.4171e+17, 2.418e+17, 2.4189e+17, 2.4185e+17, 2.4192e+17, 2.4198e+17, 2.4204e+17, 2.4208e+17, 2.4224e+17, 2.4227e+17, 2.4229e+17, 2.4231e+17, 2.4244e+17, 2.4244e+17, 2.4255e+17, 2.4254e+17, 2.4264e+17, 2.4273e+17, 2.4269e+17, 2.4277e+17, 2.4284e+17, 2.4291e+17, 2.4297e+17, 2.429e+17, 2.4294e+17, 2.431e+17, 2.4313e+17, 2.4316e+17, 2.4318e+17, 2.4319e+17], "lower_tight": [0.99996, 0.99986, 0.99974, 0.9996, 0.99946, 0.99931, 0.99917, 0.99901, 0.99886, 0.99871, 0.99856, 0.9984, 0.99825, 0.99809, 0.99794, 0.99779, 0.99763, 0.99748, 0.99733, 0.99718, 0.99703, 0.99688, 0.99673, 0.99658, 0.99643, 0.99628, 0.99614, 0.99599, 0.99585, 0.9957, 0.99556, 0.99542, 0.99528, 0.99514, 0.995, 0.99486, 0.99472, 0.99458, 0.99445, 0.99431, 0.99418, 0.99404, 0.99391, 0.99377, 0.99364, 0.99351, 0.99338, 0.99325, 0.99312, 0.99299, 0.99287, 0.99274, 0.99262, 0.99249, 0.99237, 0.99224, 0.99212, 0.992, 0.99187, 0.99175, 0.99163, 0.99151, 0.99139, 0.99128, 0.99116, 0.99104, 0.99093, 0.99081, 0.9907, 0.99058, 0.99047, 0.99035, 0.99024, 0.99013, 0.99002, 0.98991, 0.9898, 0.98969, 0.98958, 0.98947, 0.98936, 0.98925, 0.98915, 0.98904, 0.98894, 0.98883, 0.98873, 0.98862, 0.98852, 0.98842, 0.98831, 0.98821, 0.98811, 0.98801, 0.98791, 0.98781, 0.98771, 0.98761, 0.98751, 0.98741, 0.98731], "tau_lower_tight": [2.2474e+17, 2.2588e+17, 2.2678e+17, 2.2743e+17, 2.2807e+17, 2.2858e+17, 2.2917e+17, 2.2953e+17, 2.2997e+17, 2.304e+17, 2.3081e+17, 2.3109e+17, 2.3146e+17, 2.317e+17, 2.3204e+17, 2.3235e+17, 2.3254e+17, 2.3282e+17, 2.3309e+17, 2.3334e+17, 2.3357e+17, 2.3379e+17, 2.3399e+17, 2.3417e+17, 2.3434e+17, 2.345e+17, 2.3475e+17, 2.3487e+17, 2.351e+17, 2.3519e+17, 2.3539e+17, 2.3557e+17, 2.3574e+17, 2.3589e+17, 2.3604e+17, 2.3616e+17, 2.3628e+17, 2.3638e+17, 2.3658e+17, 2.3666e+17, 2.3684e+17, 2.3689e+17, 2.3705e+17, 2.3708e+17, 2.3721e+17, 2.3733e+17, 2.3744e+17, 2.3754e+17, 2.3763e+17, 2.377e+17, 2.3789e+17, 2.3794e+17, 2.381e+17, 2.3814e+17, 2.3828e+17, 2.3829e+17, 2.3841e+17, 2.3852e+17, 2.3851e+17, 2.386e+17, 2.3868e+17, 2.3875e+17, 2.3881e+17, 2.3899e+17, 2.3903e+17, 2.3907e+17, 2.3921e+17, 2.3923e+17, 2.3936e+17, 2.3936e+17, 2.3947e+17, 2.3945e+17, 2.3954e+17, 2.3963e+17, 2.3971e+17, 2.3977e+17, 2.3984e+17, 2.3989e+17, 2.3993e+17, 2.3997e+17, 2.4e+17, 2.4003e+17, 2.4016e+17, 2.4017e+17, 2.4029e+17, 2.4028e+17, 2.4038e+17, 2.4036e+17, 2.4045e+17, 2.4054e+17, 2.405e+17, 2.4057e+17, 2.4063e+17, 2.4069e+17, 2.4074e+17, 2.4078e+17, 2.4082e+17, 2.4085e+17, 2.4088e+17, 2.409e+17, 2.4091e+17], "lower_approx": [0.999795, 0.999592, 0.999391, 0.999192, 0.998995, 0.9988, 0.998607, 0.998415, 0.998226, 0.998038, 0.997852, 0.997668, 0.997485, 0.997304, 0.997125, 0.996947, 0.996771, 0.996597, 0.996423, 0.996252, 0.996082, 0.995913, 0.995746, 0.99558, 0.995415, 0.995252, 0.99509, 0.99493, 0.994771, 0.994613, 0.994456, 0.9943, 0.994146, 0.993993, 0.993841, 0.99369, 0.993541, 0.993392, 0.993245, 0.993098, 0.992953, 0.992809, 0.992666, 0.992524, 0.992382, 0.992242, 0.992103, 0.991965, 0.991828, 0.991691, 0.991556, 0.991421, 0.991288, 0.991155, 0.991024, 0.990893, 0.990763, 0.990633, 0.990505, 0.990378, 0.990251, 0.990125, 0.99, 0.989875, 0.989752, 0.989629, 0.989507, 0.989386, 0.989265, 0.989145, 0.989026, 0.988908, 0.98879, 0.988673, 0.988557, 0.988441, 0.988327, 0.988212, 0.988099, 0.987986, 0.987873, 0.987762, 0.987651, 0.98754, 0.98743, 0.987321, 0.987213, 0.987105, 0.986997, 0.98689, 0.986784, 0.986678, 0.986573, 0.986469, 0.986364, 0.986261, 0.986158, 0.986056, 0.985954, 0.985852, 0.985752],