{"time": "2023-02-02 21:04:11.665288", "lbda": 4.5, "nstart": 20, "nstop": 40, "k": 20, "conf_interval_pkndelta": [[0.5286908690869088, 0.5185608560856085, 0.4983148314831483], [0.4574537453745374, 0.44905290529052905, 0.43174717471747176], [0.42406940694069406, 0.41704770477047703, 0.4072957295729573], [0.401023102310231, 0.3952385238523852, 0.3898919891989199], [0.39130963096309634, 0.3863186318631863, 0.382970297029703], [0.3784078407840784, 0.3761876187618762, 0.37177217721772177], [0.37407440744074405, 0.3705060506050605, 0.36717771777177716], [0.36906290629062904, 0.3646489648964896, 0.36256975697569754], [0.3632583258325833, 0.36248874887488747, 0.36105310531053103], [0.3603285328532853, 0.35836833683368335, 0.35598809880988097], [0.35627162716271626, 0.3554000400040004, 0.35293929392939294], [0.35343684368436845, 0.3519186918691869, 0.3510996099609961], [0.35163916391639166, 0.35072207220722074, 0.3493254325432543], [0.3492799279927993, 0.3485778577857786, 0.3476147614761476], [0.34833183318331834, 0.34686768676867685, 0.34612061206120615], [0.3467891789178918, 0.3460916091609161, 0.3445639563956396], [0.3452320232023202, 0.34415191519151916, 0.3434493449344934], [0.34465196519651964, 0.3431468146814681, 0.3424392439243924], [0.34335183518351836, 0.34237673767376736, 0.34115411541154117], [0.3420767076707671, 0.3412341234123412, 0.34071657165716573], [0.3411316131613161, 0.3403465346534653, 0.3394439443944394]]}