{"time": "2023-02-02 21:11:16.164427", "lbda": 4.5, "pkndelta": [0.52, 0.445, 0.415, 0.399, 0.39, 0.378, 0.3704, 0.3654, 0.361, 0.3584, 0.355, 0.3528, 0.3507, 0.349, 0.3476, 0.3464, 0.345, 0.3435, 0.3427, 0.3417, 0.3406], "k": 20, "conf_interval_taukndelta": [[10.314827080456261, 10.33060568983191, 10.346384299207557], [9.106156364173424, 9.135418217289276, 9.164680070405128], [8.726347456121959, 8.767113367002269, 8.807879277882579], [8.535235205738298, 8.593341127292046, 8.651447048845794], [8.612055047347637, 8.670819975286857, 8.729584903226078], [8.41674724746282, 8.486484501035363, 8.556221754607906], [8.397370900411687, 8.473319004067625, 8.549267107723562], [8.30740456781901, 8.399267803568035, 8.491131039317061], [8.487634966221524, 8.571593804044872, 8.65555264186822], [8.560593581757725, 8.66091801699422, 8.761242452230714], [8.479471157475416, 8.585319643075417, 8.691168128675418], [8.597076643708935, 8.699861548311047, 8.802646452913159], [8.588052407855997, 8.703964389838323, 8.819876371820648], [8.815185571828337, 8.915690788000694, 9.01619600417305], [8.804546033207291, 8.927782195161209, 9.051018357115126], [8.851913524677139, 8.979901510503085, 9.107889496329031], [8.979153022459247, 9.098785522116568, 9.21841802177389], [8.896698539552037, 9.030521820058794, 9.164345100565551], [8.9973346672995, 9.12968396949706, 9.262033271694621], [9.171413978751998, 9.30714551103075, 9.442877043309503], [9.146309320435446, 9.283217331634155, 9.420125342832865]]}