{"time": "2023-02-02 21:04:29.966803", "lbda": 4, "nstart": 20, "nstop": 40, "k": 20, "conf_interval_pkndelta": [[0.5693589358935893, 0.5571817181718172, 0.5450605060506051], [0.4952485248524853, 0.48511851185118515, 0.4773617361736174], [0.4586338633863386, 0.45649864986498645, 0.45120812081208117], [0.44303330333033303, 0.4401830183018302, 0.4348924892489249], [0.43148614861486145, 0.4266336633663366, 0.4234813481348135], [0.42111411141114113, 0.4167806780678068, 0.41496049604960494], [0.41510651065106513, 0.413026302630263, 0.4095739573957396], [0.40760576057605763, 0.40534953495349535, 0.40448944894489447], [0.404020902090209, 0.4025507550755075, 0.401010601060106], [0.3997889788978898, 0.3993114311431143, 0.3975937593759376], [0.39736173617361736, 0.3957640764076408, 0.3950790079007901], [0.39390389038903895, 0.39304380438043807, 0.3924662466246625], [0.3922717271727173, 0.39132913291329136, 0.3903815381538154], [0.3908040804080408, 0.39000650065006504, 0.3884038403840384], [0.3885028502850285, 0.3879042904290429, 0.3868821882188219], [0.38726072607260725, 0.3865166516651665, 0.38567656765676567], [0.38557755775577557, 0.3852115211521152, 0.38423042304230426], [0.38433643364336434, 0.38395639563956396, 0.3833688368836884], [0.38366886688668866, 0.3828887888788879, 0.38222372237223723], [0.3825687568756876, 0.38202620262026205, 0.380986098609861], [0.38167866786678667, 0.38121662166216624, 0.38024152415241524]]}