{"time": "2023-02-02 21:11:31.684704", "lbda": 4, "pkndelta": [0.55, 0.49, 0.46, 0.438, 0.426, 0.4195, 0.4116, 0.406, 0.402, 0.399, 0.3958, 0.3936, 0.3919, 0.3898, 0.3883, 0.3864, 0.385, 0.3839, 0.3829, 0.3819, 0.381], "k": 20, "conf_interval_taukndelta": [[10.905277379528476, 10.92346256902918, 10.941647758529884], [10.03247467685921, 10.063694871962444, 10.094915067065678], [9.707877699226458, 9.745533662277118, 9.783189625327779], [9.43570214647649, 9.483826749011534, 9.531951351546578], [9.352543289806903, 9.411592273088695, 9.470641256370488], [9.48704486713194, 9.548606345783094, 9.610167824434248], [9.347300594558646, 9.422549123724254, 9.497797652889862], [9.449723499409918, 9.524307665915105, 9.598891832420291], [9.476518256107688, 9.564830517705236, 9.653142779302783], [9.638609136286675, 9.724834983498349, 9.811060830710023], [9.599648585620432, 9.700362164929365, 9.801075744238297], [9.749315692927551, 9.848117831585139, 9.946919970242726], [9.86383793695371, 9.966766330098356, 10.069694723243002], [9.947270680451773, 10.055327636724067, 10.163384592996362], [10.04433631381157, 10.146225587905324, 10.248114861999078], [9.998295783267773, 10.121898043764775, 10.245500304261776], [10.062777016716096, 10.18724593994053, 10.311714863164964], [10.125139936997703, 10.260801773246632, 10.39646360949556], [10.331478632547443, 10.468214853663584, 10.604951074779725], [10.365573588197721, 10.50595638771798, 10.646339187238238], [10.44755880574006, 10.591723578298424, 10.735888350856788]]}