{
  "time": "<built-in method now of type object at 0x7fdefaf848a0>",
  "lbda": 4,
  "m": 101,
  "k": 20,
  "pkndelta_simu": [
    0.55,
    0.49,
    0.46,
    0.438,
    0.426,
    0.4195,
    0.4116,
    0.406,
    0.402,
    0.399,
    0.3958,
    0.3936,
    0.3919,
    0.3898,
    0.3883,
    0.3864,
    0.385,
    0.3839,
    0.3829,
    0.3819,
    0.381
  ],
  "tau_kndelta_simu": [
    10.9280992059602,
    10.07256666013136,
    9.747989045191648,
    9.464139422605626,
    9.357911846877757,
    9.517883173218312,
    9.495714758357025,
    9.494924149593178,
    9.590474585824918,
    9.627544113322223,
    9.726853617292422,
    9.856554749534359,
    9.923751715518087,
    10.012953631996863,
    10.190295559258896,
    10.134156455249485,
    10.235889373590824,
    10.34092025291638,
    10.494497965885698,
    10.49227759533379,
    10.587696549357906
  ],
  "pkndelta_heur": [
    0.6014615370208203,
    0.4855698210918844,
    0.44849337634159875,
    0.42885101094153916,
    0.41614321575946756,
    0.4066918474699207,
    0.39926605811069626,
    0.3950840951529958,
    0.3911811430674553,
    0.38824162852398963,
    0.3848014944729854,
    0.3829886238312236,
    0.38153066701931687,
    0.3802274162358085,
    0.37913857380710697,
    0.37811983411008426,
    0.37700119052012687,
    0.3757130403250401,
    0.37468420023443744,
    0.3739564718771945,
    0.3732517444162228
  ],
  "tau_kndelta_heur": [
    11.966060825365073,
    9.935842176772734,
    9.362064858318087,
    9.093577125671949,
    8.939491995766724,
    8.833664788278078,
    8.75617426621627,
    8.738350952033523,
    8.717624123168353,
    8.711137244986439,
    8.687757407410945,
    8.695395016689417,
    8.707459153615238,
    8.718803843939106,
    8.732403938020692,
    8.74428821115291,
    8.750496471380327,
    8.75130795038599,
    8.757708951802298,
    8.767739499965442,
    8.776649984961395
  ]
}
