{
  "time": "<built-in method now of type object at 0x7fd03d2be8a0>",
  "lbda": 4,
  "m": 101,
  "k": 20,
  "pkndelta_simu": [
    0.55,
    0.49,
    0.46,
    0.438,
    0.426,
    0.4195,
    0.4116,
    0.406,
    0.402,
    0.399,
    0.3958,
    0.3936,
    0.3919,
    0.3898,
    0.3883,
    0.3864,
    0.385,
    0.3839,
    0.3829,
    0.3819,
    0.381
  ],
  "tau_kndelta_simu": [
    10.9280992059602,
    10.07256666013136,
    9.747989045191648,
    9.464139422605626,
    9.357911846877757,
    9.517883173218312,
    9.495714758357025,
    9.494924149593178,
    9.590474585824918,
    9.627544113322223,
    9.726853617292422,
    9.856554749534359,
    9.923751715518087,
    10.012953631996863,
    10.190295559258896,
    10.134156455249485,
    10.235889373590824,
    10.34092025291638,
    10.494497965885698,
    10.49227759533379,
    10.587696549357906
  ],
  "tau_kndelta_pfs": [
    10.876794824843333,
    10.043899155271193,
    9.705241728560415,
    9.430260102748697,
    9.375586105629855,
    9.482896603843825,
    9.47276003888944,
    9.496019027812133,
    9.639507300756724,
    9.745062300989636,
    9.782161613075811,
    9.897160371037588,
    10.045252991449235,
    10.110392662242473,
    10.220641339485622,
    10.306911977373563,
    10.461552951476673,
    10.546729226165944,
    10.642148962579256,
    10.700536511733361,
    10.754951461755578
  ]
}