{"lbda": 4.5, "pkndelta_simu": [0.498, 0.434, 0.408, 0.395, 0.382, 0.374, 0.368, 0.364, 0.3601, 0.3572, 0.3548, 0.3522, 0.3502, 0.3479, 0.3465, 0.346, 0.3445, 0.3437, 0.3419, 0.3413, 0.3404], "pkndelta_simu1": [0.59, 0.5, 0.47, 0.449, 0.433, 0.425, 0.416, 0.41, 0.4075, 0.402, 0.3995, 0.3969, 0.3937, 0.3918, 0.3904, 0.3884, 0.3868, 0.3851, 0.3839, 0.3826, 0.3822], "pkndelta_ergodic": [0.5346116000067465, 0.43160080000378426, 0.3986452000028366, 0.38118610000233455, 0.36989070000200974, 0.36148980000176817, 0.35488940000157837, 0.3511721000014715, 0.3477030000013717, 0.3450903000012966, 0.34203250000120866, 0.3404211000011623, 0.33912510000112506, 0.33796680000109175, 0.3369989000010639, 0.3360934000010379, 0.3350991000010093, 0.33395420000097636, 0.33303960000095006, 0.33239280000093147, 0.33176640000091345], "prob_from_simu": [0.498, 0.434, 0.408, 0.395, 0.382, 0.374, 0.368, 0.364, 0.3601, 0.3572, 0.3548, 0.3522, 0.3502, 0.3479, 0.3465, 0.346, 0.3445, 0.3437, 0.3419, 0.3413, 0.3404], "pkndelta_simu_big": [0.53, 0.466, 0.438, 0.41, 0.397, 0.387, 0.379, 0.374, 0.368, 0.3625, 0.359, 0.357, 0.354, 0.352, 0.3504, 0.3485, 0.3473, 0.346, 0.3441, 0.3433, 0.3416], "tau_kndelta_simu": [44.514911283207525, 40.16173071267523, 38.79756592490932, 38.50792814429958, 37.97561758651113, 37.88453337908048, 38.1346765023037, 38.329930398980494, 38.43687285560239, 38.7880119596118, 39.45873149691207, 39.3854661307715, 39.82906577786491, 39.711017547299285, 39.62486030781296, 40.76809675522007, 41.13134055484756, 41.4500416625821, 41.26240564650524, 41.77979707871778, 42.184393686893436], "tau_kndelta_simu1": [46.95520194098618, 41.09821880207823, 39.96948828546221, 39.03806636604254, 38.44393931967454, 38.70624742672287, 38.40513920203902, 38.875955298500145, 39.542173806489565, 39.371231251838054, 39.86307812959514, 40.29209881384178, 40.21680031369474, 40.721280756788545, 41.21767620821488, 41.289341731202825, 41.595886187628665, 41.574630428389376, 41.59444564258406, 42.19894716204294, 42.642396823840805], "tau_kndelta_pfs": [44.383713782325245, 40.010601022798475, 38.70514217574376, 38.586155117359986, 38.07714128140567, 38.15531352363381, 38.34431496752361, 38.84344773323643, 39.155789514757494, 39.887478439712694, 40.37439682238633, 40.61247008732737, 41.00565375745177, 41.19458545511145, 41.673650556457794, 42.59531885936053, 42.882721687466166, 43.69187111179565, 43.89179187181587, 44.516226066674356, 44.84876392201307], "tau_kndelta_simu_big": [47.4049211119459, 43.03571204152722, 41.35050201488969, 39.520683696468815, 38.34149238439998, 38.421533365207296, 37.88576531657674, 38.28894406119801, 38.04419097056212, 37.38014616487945, 37.395684720989, 38.88076839013728, 38.502808551328464, 38.619510962365965, 38.91505771463697, 39.10959702206133, 39.213624752407625, 39.66345195000341, 39.71578990506113, 40.59000887917492, 39.42994604193702], "tau_kndelta_ergodic": [47.862239345638436, 39.74144339295673, 37.44624403634027, 36.37215679522082, 35.75494700245517, 35.33089781377235, 35.0202195608725, 34.94774361526882, 34.86439855355428, 34.837883717632636, 34.741952234378516, 34.77241054157286, 34.818149217629795, 34.86350207556672, 34.91566757129926, 34.96307370630667, 34.99113673855838, 34.99436574461309, 35.01342037812336, 35.053429338931885, 35.08890196840507]}