{"lbda": 4.9, "pkndelta_simu": [0.443, 0.389, 0.366, 0.352, 0.344, 0.337, 0.3332, 0.3287, 0.3256, 0.3231, 0.322, 0.319, 0.3175, 0.3159, 0.3151, 0.3136, 0.3128, 0.3119, 0.3108, 0.3104, 0.3094], "tau_kndelta_simu": [439837.94, 398625.25, 387033.95, 379955.03, 380665.53, 379832.85, 385735.42, 386591.03, 389623.16, 395614.26, 403680.93, 397214.78, 404585.22, 407071.51, 415057.73, 418603.48, 423912.41, 426199.1, 423906.22, 434126.27, 433942.22], "tau_kndelta_ergodic": [437160.56349308183, 391883.6629130413, 375488.2008330654, 364346.6590567212, 365268.66008655657, 356192.1732155766, 353918.6039166679, 360169.03197816655, 354494.32207373093, 360200.4874414532, 371352.5980730251, 354824.6700006717, 364548.3514214607, 342375.36028876796, 357867.3491392865, 366639.164425188, 345886.57167478814, 354471.6896755609, 335225.4806346422, 343604.41461514635, 351279.4273127355]}