{"pkndelta_simu": [0.59, 0.504, 0.452, 0.429, 0.406, 0.395, 0.385, 0.377, 0.37, 0.365, 0.361, 0.358, 0.355, 0.353, 0.35, 0.348, 0.3464, 0.3457, 0.3439, 0.342, 0.341], "tau_kndelta_simu": [543226.34, 481529.91, 439355.02, 422168.51, 408202.78, 405761.43, 391214.03, 392616.51, 386506.12, 385633.88, 384712.66, 388600.75, 396060.93, 396466.8, 397323.47, 394216.03, 400485.16, 398709.43, 403578.79, 402104.57, 403572.16], "tau_kndelta_ergodic": [545279.8293862867, 486317.84360428946, 450578.59971948003, 442743.8788689246, 428220.3769177288, 426667.3450086784, 426393.62077864795, 424047.20059695374, 417528.7526106062, 414096.06345119525, 412874.6150360513, 420077.62001628743, 427150.584113618, 419677.1017171144, 428058.2439695404, 433826.82397776825, 422711.7212288683, 433575.7758425016, 434447.1733458245, 405872.309194106, 415062.10057037085]}