{"lbda": 4.5, "pkndelta_simu": [0.519, 0.448, 0.417, 0.395, 0.386, 0.377, 0.369, 0.365, 0.3605, 0.357, 0.355, 0.3528, 0.3498, 0.3484, 0.3472, 0.3457, 0.3438, 0.343, 0.3421, 0.3409, 0.3401], "tau_kndelta_simu": [46.45397510048035, 41.32179786295461, 39.62646603274189, 37.790743064405454, 38.15101656700324, 37.677805117145375, 37.5952935986668, 38.03119302029213, 37.58249877462994, 38.30880403881972, 38.721498872659545, 38.93221154788746, 38.56580531320459, 39.454131947848246, 39.644258406038624, 40.13597294382904, 40.12424860307813, 40.15171159690227, 41.42341143025193, 41.101438094304484, 40.784925987648265], "tau_kndelta_ergodic": [46.38255060353804, 41.37603727171891, 39.42171382303386, 38.1144460742021, 38.02166453349672, 38.05243145038684, 36.745698552915414, 36.822135350459675, 37.212771872615825, 37.43085106324929, 37.93369724380893, 37.73599054465732, 37.37749041666409, 38.391266689757565, 38.00747549478814, 38.956310123779225, 38.30744546588105, 37.747313561689566, 38.6657888928573, 37.557700870976234, 38.43032114453902], "pkndelta_simu_big": [0.53, 0.466, 0.438, 0.41, 0.397, 0.387, 0.379, 0.374, 0.368, 0.3625, 0.359, 0.357, 0.354, 0.352, 0.3504, 0.3485, 0.3473, 0.346, 0.3441, 0.3433, 0.3416], "tau_kndelta_simu_big": [47.4049211119459, 43.03571204152722, 41.35050201488969, 39.520683696468815, 38.34149238439998, 38.421533365207296, 37.88576531657674, 38.28894406119801, 38.04419097056212, 37.38014616487945, 37.395684720989, 38.88076839013728, 38.502808551328464, 38.619510962365965, 38.91505771463697, 39.10959702206133, 39.213624752407625, 39.66345195000341, 39.71578990506113, 40.59000887917492, 39.42994604193702]}