{"lbda": 4.5, "pkndelta_simu": [0.519, 0.448, 0.417, 0.395, 0.386, 0.377, 0.369, 0.365, 0.3605, 0.357, 0.355, 0.3528, 0.3498, 0.3484, 0.3472, 0.3457, 0.3438, 0.343, 0.3421, 0.3409, 0.3401], "pkndelta_simu1": [0.58, 0.51, 0.48, 0.455, 0.435, 0.43, 0.421, 0.412, 0.409, 0.4065, 0.401, 0.3995, 0.397, 0.395, 0.3932, 0.3914, 0.3897, 0.3882, 0.3871, 0.386, 0.385], "pkndelta_ergodic": [0.5000000000057512, 0.38353040000240196, 0.3617665000017761, 0.351711200001487, 0.3460540000013243, 0.3415016000011934, 0.339123100001125, 0.33732290000107323, 0.3358466000010308, 0.3340769000009799, 0.33271910000094085, 0.331716000000912, 0.3309370000008896, 0.3304815000008765, 0.33004850000086405, 0.3296363000008522, 0.3292432000008409, 0.3288680000008301, 0.32851650000082, 0.3281797000008103, 0.327856700000801], "prob_from_simu": [0.519, 0.448, 0.417, 0.395, 0.386, 0.377, 0.369, 0.365, 0.3605, 0.357, 0.355, 0.3528, 0.3498, 0.3484, 0.3472, 0.3457, 0.3438, 0.343, 0.3421, 0.3409, 0.3401], "pkndelta_simu_big": [0.53, 0.466, 0.438, 0.41, 0.397, 0.387, 0.379, 0.374, 0.368, 0.3625, 0.359, 0.357, 0.354, 0.352, 0.3504, 0.3485, 0.3473, 0.346, 0.3441, 0.3433, 0.3416], "tau_kndelta_simu": [46.45397510048035, 41.32179786295461, 39.62646603274189, 37.790743064405454, 38.15101656700324, 37.677805117145375, 37.5952935986668, 38.03119302029213, 37.58249877462994, 38.30880403881972, 38.721498872659545, 38.93221154788746, 38.56580531320459, 39.454131947848246, 39.644258406038624, 40.13597294382904, 40.12424860307813, 40.15171159690227, 41.42341143025193, 41.101438094304484, 40.784925987648265], "tau_kndelta_simu1": [46.10571806685619, 41.868162925203414, 40.69671600823449, 39.219260856778746, 37.920243113420256, 38.40183707479659, 38.231843936868934, 37.501925301441034, 37.948038427605134, 38.413625134790706, 37.905763160474464, 38.76505342613469, 39.231386138613864, 38.7600019605921, 39.37857170865601, 39.339600039211845, 40.079643172238015, 39.97825017155181, 40.123116361141065, 40.96301146946378, 41.05420350945985], "tau_kndelta_pfs": [46.39363636586593, 41.34824500554076, 39.85016904340807, 38.586155117359986, 38.810288759693854, 38.72116585773262, 38.53216803064504, 39.11299105048164, 39.274880305043816, 39.81611453274374, 40.44947577967389, 40.89868520860368, 40.837740583908705, 41.460335725013294, 42.061497417599064, 42.413567462257404, 42.55624660762581, 43.36733172208512, 44.06496602639035, 44.16463059906338, 44.5811028238975], "tau_kndelta_simu_big": [47.4049211119459, 43.03571204152722, 41.35050201488969, 39.520683696468815, 38.34149238439998, 38.421533365207296, 37.88576531657674, 38.28894406119801, 38.04419097056212, 37.38014616487945, 37.395684720989, 38.88076839013728, 38.502808551328464, 38.619510962365965, 38.91505771463697, 39.10959702206133, 39.213624752407625, 39.66345195000341, 39.71578990506113, 40.59000887917492, 39.42994604193702], "tau_kndelta_ergodic": [44.576780732094925, 33.569696648978365, 31.156352874483666, 29.9595561089626, 29.23068825860213, 28.650051647145723, 28.28831527802078, 28.000486056038206, 27.759064592629443, 27.508793608252393, 27.30501745692538, 27.14046632826353, 27.00286794376429, 26.898660297313167, 26.802072055606892, 26.712571660656423, 26.62931210395777, 26.551256701013497, 26.478758530958995, 26.410524739305373, 26.346433129021168]}