{"m": 31.0, "pkndelta_simu": [0.82, 0.75, 0.72, 0.7, 0.686, 0.677, 0.669, 0.665, 0.661, 0.6552, 0.6512, 0.6462, 0.6444, 0.6402, 0.638, 0.636, 0.6331, 0.6303, 0.6288, 0.6277, 0.6252], "pkndelta_simu1": [0.84, 0.77, 0.74, 0.715, 0.7, 0.69, 0.681, 0.6745, 0.669, 0.664, 0.66, 0.657, 0.653, 0.6504, 0.6462, 0.6442, 0.641, 0.6389, 0.6366, 0.6354, 0.6323], "pkndelta_ergodic": [0.7886649999909389, 0.71686199999286, 0.6826699999937749, 0.6634409999942893, 0.6504189999946377, 0.6414589999948774, 0.6341019999950743, 0.6267219999952718, 0.6223059999953899, 0.6188369999954827, 0.6161829999955537, 0.6136649999956211, 0.6117929999956712, 0.6097709999957253, 0.6086049999957565, 0.6074609999957871, 0.6064749999958134, 0.6051899999958479, 0.6043209999958711, 0.6036649999958886, 0.6030809999959043], "tau_kndelta_simu": [16.355223725286162, 15.454006243496357, 15.203590010405827, 15.089001040582726, 14.978688865764829, 15.094339229968782, 15.161727367325703, 15.447398543184184, 15.562133194588968, 15.60570239334027, 15.562674297606659, 15.638855359001042, 15.792497398543185, 15.83177939646202, 15.899833506763787, 16.307877211238296, 16.330280957336107, 16.096638917793964, 16.45448491155047, 16.68352757544225, 16.57207075962539], "tau_kndelta_simu1": [16.744984391259106, 15.987169614984392, 15.86245577523413, 15.732237252861603, 15.743215400624349, 15.962799167533818, 15.938147762747137, 16.02088449531738, 16.32502601456816, 16.445577523413114, 16.537273673257022, 16.827596253902186, 17.0074505723205, 17.166097814776272, 17.13496357960458, 17.341071800208116, 17.436295525494277, 17.567544224765868, 17.598220603537982, 18.046930280957334, 18.115327783558794], "tau_kndelta_ergodic": [15.607991642959878, 14.292692647153821, 13.520975602713081, 12.969209556662173, 12.504989113089216, 12.103846830664128, 11.727703224602333, 11.352443669297704, 11.035048355240356, 10.739700958001109, 10.465110472315553, 10.199640269932926, 9.952297845727989, 9.71023072073876, 9.489056879308757, 9.27533144855545, 9.07106413298757, 8.869365068092653, 8.680849147946164, 8.501386189374772, 8.328454951055532]}