{"m": 31, "k": 100, "pkndelta_simu": [0.871, 0.821, 0.787, 0.77, 0.757, 0.748, 0.737, 0.731, 0.725, 0.72, 0.714, 0.71, 0.706, 0.702, 0.7, 0.698, 0.694, 0.692, 0.688, 0.687, 0.684, 0.682, 0.68, 0.678, 0.676, 0.675, 0.674, 0.672, 0.671, 0.669, 0.668, 0.667, 0.666, 0.665, 0.663, 0.662, 0.662, 0.66, 0.659, 0.658, 0.657, 0.656, 0.655, 0.654, 0.653, 0.652, 0.652, 0.651, 0.65, 0.6495, 0.648, 0.647, 0.6463, 0.646, 0.645, 0.6445, 0.644, 0.6435, 0.6425, 0.6415, 0.6412, 0.6407, 0.64, 0.6395, 0.6385, 0.638, 0.6373, 0.6372, 0.6365, 0.636, 0.6354, 0.635, 0.6343, 0.634, 0.6335, 0.6328, 0.6324, 0.632, 0.6314, 0.6309, 0.6303, 0.6301, 0.6298, 0.6292, 0.6287, 0.6283, 0.6277, 0.6274, 0.6271, 0.6267, 0.6261, 0.6259, 0.6254, 0.6249, 0.6247, 0.6245, 0.624, 0.6235, 0.6231, 0.6229, 0.6225], "pkndelta_simu1": [0.899, 0.843, 0.805, 0.788, 0.773, 0.764, 0.753, 0.745, 0.739, 0.733, 0.729, 0.726, 0.719, 0.716, 0.711, 0.709, 0.706, 0.703, 0.7, 0.698, 0.696, 0.693, 0.69, 0.689, 0.687, 0.685, 0.684, 0.681, 0.681, 0.679, 0.678, 0.676, 0.674, 0.674, 0.672, 0.671, 0.669, 0.668, 0.667, 0.667, 0.665, 0.664, 0.664, 0.663, 0.661, 0.661, 0.66, 0.659, 0.657, 0.656, 0.656, 0.655, 0.655, 0.654, 0.653, 0.652, 0.651, 0.651, 0.65, 0.65, 0.649, 0.648, 0.648, 0.647, 0.647, 0.645, 0.645, 0.645, 0.644, 0.643, 0.643, 0.642, 0.642, 0.642, 0.641, 0.64, 0.64, 0.639, 0.639, 0.638, 0.638, 0.637, 0.637, 0.636, 0.636, 0.636, 0.635, 0.635, 0.634, 0.634, 0.633, 0.633, 0.633, 0.633, 0.632, 0.632, 0.631, 0.631, 0.63, 0.63, 0.629], "pkndelta_ergodic": [0.8499469999892992, 0.7885949999909407, 0.7600609999917042, 0.7365659999923329, 0.7206919999927575, 0.7036739999932129, 0.6940769999934696, 0.6900549999935772, 0.6827699999937722, 0.6773869999939162, 0.672308999994052, 0.6673059999941859, 0.663154999994297, 0.6593849999943978, 0.6562469999944818, 0.6529349999945704, 0.6503159999946404, 0.647787999994708, 0.6453059999947746, 0.6431889999948311, 0.6415959999948737, 0.6394289999949317, 0.6374849999949838, 0.6358219999950283, 0.6344399999950652, 0.6331579999950996, 0.6315079999951436, 0.6283809999952273, 0.6271279999952608, 0.626113999995288, 0.6248159999953227, 0.6237769999953505, 0.622822999995376, 0.6219189999954002, 0.6209499999954262, 0.6203659999954418, 0.6196019999954623, 0.6186999999954863, 0.6180249999955044, 0.6174639999955194, 0.6168919999955347, 0.616207999995553, 0.6155689999955701, 0.6149579999955865, 0.6144029999956013, 0.6138389999956164, 0.6132409999956324, 0.6127819999956448, 0.6124189999956544, 0.612059999995664, 0.6115559999956774, 0.6110279999956916, 0.610529999995705, 0.610039999995718, 0.6097189999957267, 0.6094149999957348, 0.6091149999957428, 0.6088589999957497, 0.6086299999957558, 0.6084049999957618, 0.6081809999957678, 0.6079379999957744, 0.6075969999957834, 0.6072589999957925, 0.6069589999958005, 0.6067779999958054, 0.6065989999958101, 0.6064219999958149, 0.6062469999958195, 0.6060729999958242, 0.6057019999958342, 0.6051889999958479, 0.6048899999958559, 0.6047149999958605, 0.6045429999958651, 0.6043719999958697, 0.6042029999958742, 0.6040359999958786, 0.6038899999958827, 0.6037499999958864, 0.6036109999958901, 0.6034749999958937, 0.6033389999958974, 0.6032049999959009, 0.6030719999959044, 0.6029479999959078, 0.6028339999959109, 0.6027209999959139, 0.6026089999959169, 0.6024979999959199, 0.6023889999959228, 0.6022799999959256, 0.6021729999959285, 0.6020659999959315, 0.6019619999959342, 0.601857999995937, 0.6017559999959396, 0.6016549999959424, 0.6015549999959451, 0.6014559999959477, 0.6013579999959504], "tau_kndelta_simu": [87.02110301768991, 82.5719250780437, 79.55446409989594, 78.30374609781477, 77.27413111342352, 76.82422476586889, 75.97679500520292, 75.6682414151925, 75.50497398543185, 75.37084287200832, 75.12824141519252, 74.69040582726326, 74.70701352757544, 74.63298647242456, 74.59471383975027, 74.70688865764829, 74.69309053069719, 74.78890738813736, 74.57900104058272, 74.71860561914673, 74.76616024973985, 74.60998959417273, 74.65712799167534, 74.55373569198751, 74.82961498439126, 74.88272632674298, 74.90767950052029, 75.10503642039542, 74.93319458896983, 75.05744016649324, 75.2887825182102, 75.47454734651404, 75.53531737773153, 76.00676378772113, 75.52349635796045, 75.6108220603538, 76.1918418314256, 76.05248699271593, 75.94462018730489, 76.01602497398542, 76.22280957336108, 76.4367117585848, 76.03868886576483, 76.40699271592091, 76.06580645161291, 76.36420395421436, 76.73673257023934, 76.68574401664932, 77.15920915712799, 76.90738813735692, 76.97710718002081, 76.8907388137357, 76.9573361082206, 77.31009365244537, 77.14984391259105, 77.13319458896983, 77.47970863683663, 77.52237252861603, 77.60041623309053, 77.47138397502601, 77.98543184183143, 77.96982310093652, 77.97918834547346, 78.369406867846, 78.0936524453694, 78.2258064516129, 78.27679500520291, 78.38813735691987, 78.75650364203955, 78.40998959417274, 78.51612903225806, 78.843912591051, 78.71488033298647, 78.88449531737773, 78.82622268470344, 79.04058272632675, 79.17585848074921, 79.22060353798128, 79.32049947970863, 79.36108220603538, 79.474505723205, 79.6493236212279, 79.75338189386056, 79.92299687825182, 79.75650364203955, 79.89386056191468, 80.13007284079085, 80.29656607700312, 80.17585848074921, 80.54422476586889, 80.49115504682622, 80.54006243496357, 80.50780437044745, 80.54006243496357, 80.81373569198752, 81.07700312174818, 80.63787721123829, 80.9687825182102, 81.06555671175859, 81.26534859521333, 81.72424557752342], "tau_kndelta_simu1": [89.88836628511967, 84.89844953173778, 81.65285119667014, 80.45803329864724, 79.43013527575442, 78.97067637877213, 78.27689906347555, 77.90653485952133, 77.6991779396462, 77.42873048907387, 77.48346514047867, 77.76233090530698, 77.17547346514048, 77.21486992715921, 77.15624349635796, 77.16693028095733, 77.31680541103017, 77.3868574401665, 77.27619146722164, 77.57387096774194, 77.85375650364205, 77.60795005202914, 77.56186264308012, 77.72430801248699, 77.87766909469303, 78.04806451612903, 78.28065556711759, 77.91355879292404, 78.18997398543185, 78.46638917793965, 78.75668054110301, 78.71432882414152, 78.6840478668054, 78.86892299687825, 79.0537981269511, 79.00711758584806, 79.10627471383975, 79.26665972944849, 79.40844953173777, 79.59990634755462, 79.79136316337149, 79.70841831425598, 80.20560353798128, 80.70278876170656, 80.11018730489074, 80.47526534859522, 80.8403433922997, 81.04703433922997, 80.62395421436004, 80.98890738813735, 80.97611342351716, 80.96331945889698, 81.19163371488034, 81.41994797086369, 81.52771071800208, 81.69290322580646, 81.58706555671176, 81.69829344432883, 81.80952133194589, 81.95904786680542, 82.10857440166492, 82.47239334027056, 82.77414151925078, 83.07588969823101, 82.89669094693028, 82.71749219562955, 82.87569892473122, 83.03390565383278, 83.19211238293444, 83.46331945889698, 83.52847554630594, 83.59363163371488, 83.71063128685401, 83.82763093999303, 83.94463059313215, 84.17023933402706, 84.27768990634756, 84.38514047866805, 84.4140790842872, 84.44301768990636, 84.57026014568159, 84.69750260145682, 84.71249219562955, 84.72748178980228, 85.04172389871664, 85.35596600763091, 85.67020811654527, 85.88452653485952, 86.09884495317378, 85.96868366285119, 85.83852237252863, 85.96065296566077, 86.08278355879291, 86.20491415192508, 86.32704474505722, 86.56336628511967, 86.7996878251821, 86.72456815816857, 86.64944849115504, 86.74711758584807, 86.8447866805411],