{"m": 31, "pkndelta_simu": [0.72, 0.66, 0.63, 0.615, 0.602, 0.59, 0.5835, 0.5785, 0.5735, 0.5674, 0.5634, 0.5596, 0.5562, 0.5548, 0.5518, 0.5486, 0.5458, 0.5434, 0.5414, 0.5404, 0.5387], "pkndelta_simu1": [0.76, 0.68, 0.65, 0.63, 0.62, 0.606, 0.597, 0.591, 0.5845, 0.5805, 0.577, 0.5724, 0.5694, 0.566, 0.5622, 0.5594, 0.5576, 0.5552, 0.553, 0.5496, 0.5479], "pkndelta_ergodic": [0.7886649999909389, 0.71686199999286, 0.6826699999937749, 0.6634409999942893, 0.6504189999946377, 0.6414589999948774, 0.6341019999950743, 0.6267219999952718, 0.6223059999953899, 0.6188369999954827, 0.6161829999955537, 0.6136649999956211, 0.6117929999956712, 0.6097709999957253, 0.6086049999957565, 0.6074609999957871, 0.6064749999958134, 0.6051899999958479, 0.6043209999958711, 0.6036649999958886, 0.6030809999959043], "tau_kndelta_simu": [14.325993756503642, 13.563506763787721, 13.316670135275753, 13.347565036420395, 13.315369406867847, 13.24191467221644, 13.471852237252863, 13.539146722164412, 13.693392299687826, 13.658792924037462, 13.814765868886576, 13.909323621227887, 13.891415192507804, 14.091893860561914, 14.303329864724246, 14.344880332986472, 14.373048907388137, 14.39573361082206, 14.660197710718004, 14.845400624349637, 14.978595213319458], "tau_kndelta_simu1": [15.177003121748179, 14.104640998959416, 13.9759209157128, 13.883319458896983, 14.185296566077003, 14.062528616024974, 14.197669094693028, 14.36105098855359, 14.544193548387096, 14.780551508844955, 14.90675338189386, 15.0271383975026, 15.3359209157128, 15.469937565036421, 15.439479708636837, 15.532497398543184, 15.857346514047867, 15.971664932362124, 16.083891779396463, 16.111103017689906, 16.23633714880333], "tau_kndelta_ergodic": [15.607991642959878, 14.292692647153821, 13.520975602713081, 12.969209556662173, 12.504989113089216, 12.103846830664128, 11.727703224602333, 11.352443669297704, 11.035048355240356, 10.739700958001109, 10.465110472315553, 10.199640269932926, 9.952297845727989, 9.71023072073876, 9.489056879308757, 9.27533144855545, 9.07106413298757, 8.869365068092653, 8.680849147946164, 8.501386189374772, 8.328454951055532]}